{
  "displayFieldName" : "",
  "fieldAliases" : {
    "id" : "id",
    "name" : "name",
    "latitude" : "latitude",
    "longitude" : "longitude",
    "F1990" : "1990",
    "F1995" : "1995",
    "F2000" : "2000",
    "F2005" : "2005",
    "F2010" : "2010",
    "F2015" : "2015",
    "F2020" : "2020",
    "F12" : "F12",
    "ObjectID" : "ObjectID"
  },
  "geometryType" : "esriGeometryPoint",
  "spatialReference" : {
    "wkid" : 4326,
    "latestWkid" : 4326
  },
  "fields" : [
    {
      "name" : "id",
      "type" : "esriFieldTypeDouble",
      "alias" : "id"
    },
    {
      "name" : "name",
      "type" : "esriFieldTypeString",
      "alias" : "name",
      "length" : 255
    },
    {
      "name" : "latitude",
      "type" : "esriFieldTypeDouble",
      "alias" : "latitude"
    },
    {
      "name" : "longitude",
      "type" : "esriFieldTypeDouble",
      "alias" : "longitude"
    },
    {
      "name" : "F1990",
      "type" : "esriFieldTypeDouble",
      "alias" : "1990"
    },
    {
      "name" : "F1995",
      "type" : "esriFieldTypeDouble",
      "alias" : "1995"
    },
    {
      "name" : "F2000",
      "type" : "esriFieldTypeDouble",
      "alias" : "2000"
    },
    {
      "name" : "F2005",
      "type" : "esriFieldTypeDouble",
      "alias" : "2005"
    },
    {
      "name" : "F2010",
      "type" : "esriFieldTypeDouble",
      "alias" : "2010"
    },
    {
      "name" : "F2015",
      "type" : "esriFieldTypeDouble",
      "alias" : "2015"
    },
    {
      "name" : "F2020",
      "type" : "esriFieldTypeDouble",
      "alias" : "2020"
    },
    {
      "name" : "F12",
      "type" : "esriFieldTypeString",
      "alias" : "F12",
      "length" : 255
    },
    {
      "name" : "ObjectID",
      "type" : "esriFieldTypeOID",
      "alias" : "ObjectID"
    }
  ],
  "features" : [
    {
      "attributes" : {
        "id" : 1,
        "name" : "Adams",
        "latitude" : 44.0197,
        "longitude" : -89.775499999999994,
        "F1990" : 5.1989999999999998,
        "F1995" : 6.1600000000000001,
        "F2000" : 6.7560000000000002,
        "F2005" : 5.2729999999999997,
        "F2010" : 2.8780000000000001,
        "F2015" : 3.7519999999999998,
        "F2020" : 3.7869999999999999,
        "F12" : null,
        "ObjectID" : 1
      },
      "geometry" : {
        "x" : -89.775499999999994,
        "y" : 44.0197
      }
    },
    {
      "attributes" : {
        "id" : 2,
        "name" : "Buffalo",
        "latitude" : 44.310200000000002,
        "longitude" : -91.753900000000002,
        "F1990" : 4.4240000000000004,
        "F1995" : 3.8279999999999998,
        "F2000" : 4.141,
        "F2005" : 4.7729999999999997,
        "F2010" : 4.5350000000000001,
        "F2015" : 4.492,
        "F2020" : 3.7690000000000001,
        "F12" : null,
        "ObjectID" : 2
      },
      "geometry" : {
        "x" : -91.753900000000002,
        "y" : 44.310200000000002
      }
    },
    {
      "attributes" : {
        "id" : 3,
        "name" : "Chippewa",
        "latitude" : 45.067399999999999,
        "longitude" : 91.292500000000004,
        "F1990" : 2.194,
        "F1995" : 2.8170000000000002,
        "F2000" : 3.7269999999999999,
        "F2005" : 2.7349999999999999,
        "F2010" : 2.5449999999999999,
        "F2015" : 2.3239999999999998,
        "F2020" : 2.8239999999999998,
        "F12" : null,
        "ObjectID" : 3
      },
      "geometry" : {
        "x" : 91.292500000000004,
        "y" : 45.067399999999999
      }
    },
    {
      "attributes" : {
        "id" : 4,
        "name" : "Clark",
        "latitude" : 44.848100000000002,
        "longitude" : -90.753299999999996,
        "F1990" : 4.0750000000000002,
        "F1995" : 4.1159999999999997,
        "F2000" : 4.7690000000000001,
        "F2005" : 4.8840000000000003,
        "F2010" : 3.6829999999999998,
        "F2015" : 3.258,
        "F2020" : 3.552,
        "F12" : null,
        "ObjectID" : 4
      },
      "geometry" : {
        "x" : -90.753299999999996,
        "y" : 44.848100000000002
      }
    },
    {
      "attributes" : {
        "id" : 5,
        "name" : "Crawford",
        "latitude" : 43.249200000000002,
        "longitude" : -90.829400000000007,
        "F1990" : 2.2639999999999998,
        "F1995" : 2.8050000000000002,
        "F2000" : 2.9620000000000002,
        "F2005" : 2.9950000000000001,
        "F2010" : 2.4870000000000001,
        "F2015" : 3.7010000000000001,
        "F2020" : 3.5489999999999999,
        "F12" : null,
        "ObjectID" : 5
      },
      "geometry" : {
        "x" : -90.829400000000007,
        "y" : 43.249200000000002
      }
    },
    {
      "attributes" : {
        "id" : 6,
        "name" : "Dunn",
        "latitude" : 44.909399999999998,
        "longitude" : -91.909899999999993,
        "F1990" : 2.6230000000000002,
        "F1995" : 3.105,
        "F2000" : 3.1099999999999999,
        "F2005" : 3.0369999999999999,
        "F2010" : 3.625,
        "F2015" : 3.6160000000000001,
        "F2020" : 4.1050000000000004,
        "F12" : null,
        "ObjectID" : 6
      },
      "geometry" : {
        "x" : -91.909899999999993,
        "y" : 44.909399999999998
      }
    },
    {
      "attributes" : {
        "id" : 7,
        "name" : "Eau Claire",
        "latitude" : 44.7684,
        "longitude" : -91.289100000000005,
        "F1990" : 3.2759999999999998,
        "F1995" : 2.9550000000000001,
        "F2000" : 3.722,
        "F2005" : 3.5609999999999999,
        "F2010" : 2.891,
        "F2015" : 2.8090000000000002,
        "F2020" : 3.093,
        "F12" : null,
        "ObjectID" : 7
      },
      "geometry" : {
        "x" : -91.289100000000005,
        "y" : 44.7684
      }
    },
    {
      "attributes" : {
        "id" : 8,
        "name" : "Jackson",
        "latitude" : 44.320700000000002,
        "longitude" : -90.829400000000007,
        "F1990" : 4.7220000000000004,
        "F1995" : 5.4589999999999996,
        "F2000" : 4.7000000000000002,
        "F2005" : 5.0199999999999996,
        "F2010" : 3.331,
        "F2015" : 2.9180000000000001,
        "F2020" : 3.198,
        "F12" : null,
        "ObjectID" : 8
      },
      "geometry" : {
        "x" : -90.829400000000007,
        "y" : 44.320700000000002
      }
    },
    {
      "attributes" : {
        "id" : 9,
        "name" : "Juneau",
        "latitude" : 43.8673,
        "longitude" : -90.074700000000007,
        "F1990" : 3.4849999999999999,
        "F1995" : 4.8529999999999998,
        "F2000" : 5.3529999999999998,
        "F2005" : 4.1890000000000001,
        "F2010" : 2.484,
        "F2015" : 2.6880000000000002,
        "F2020" : 2.956,
        "F12" : null,
        "ObjectID" : 9
      },
      "geometry" : {
        "x" : -90.074700000000007,
        "y" : 43.8673
      }
    },
    {
      "attributes" : {
        "id" : 10,
        "name" : "La Crosse",
        "latitude" : 43.861699999999999,
        "longitude" : -91.135300000000001,
        "F1990" : 3.1309999999999998,
        "F1995" : 3.8330000000000002,
        "F2000" : 4.2439999999999998,
        "F2005" : 4.1600000000000001,
        "F2010" : 3.1080000000000001,
        "F2015" : 3.8170000000000002,
        "F2020" : 3.7749999999999999,
        "F12" : null,
        "ObjectID" : 10
      },
      "geometry" : {
        "x" : -91.135300000000001,
        "y" : 43.861699999999999
      }
    },
    {
      "attributes" : {
        "id" : 11,
        "name" : "Marathon",
        "latitude" : 44.850499999999997,
        "longitude" : -89.850499999999997,
        "F1990" : 3.5350000000000001,
        "F1995" : 4.4560000000000004,
        "F2000" : 4.8499999999999996,
        "F2005" : 4.3849999999999998,
        "F2010" : 3.8879999999999999,
        "F2015" : 3.3570000000000002,
        "F2020" : 3.3969999999999998,
        "F12" : null,
        "ObjectID" : 11
      },
      "geometry" : {
        "x" : -89.850499999999997,
        "y" : 44.850499999999997
      }
    },
    {
      "attributes" : {
        "id" : 12,
        "name" : "Monroe",
        "latitude" : 43.941200000000002,
        "longitude" : -90.753299999999996,
        "F1990" : 3.5569999999999999,
        "F1995" : 4.6689999999999996,
        "F2000" : 4.0890000000000004,
        "F2005" : 4.1449999999999996,
        "F2010" : 3.444,
        "F2015" : 3.9260000000000002,
        "F2020" : 4.1109999999999998,
        "F12" : null,
        "ObjectID" : 12
      },
      "geometry" : {
        "x" : -90.753299999999996,
        "y" : 43.941200000000002
      }
    },
    {
      "attributes" : {
        "id" : 13,
        "name" : "Pepin",
        "latitude" : 44.66451,
        "longitude" : -92.027299999999997,
        "F1990" : 3.5259999999999998,
        "F1995" : 3.2770000000000001,
        "F2000" : 3.6749999999999998,
        "F2005" : 3.4340000000000002,
        "F2010" : 4.0199999999999996,
        "F2015" : 4.3289999999999997,
        "F2020" : 4.032,
        "F12" : null,
        "ObjectID" : 13
      },
      "geometry" : {
        "x" : -92.027299999999997,
        "y" : 44.66451
      }
    },
    {
      "attributes" : {
        "id" : 14,
        "name" : "Pierce",
        "latitude" : 44.750900000000001,
        "longitude" : -92.381399999999999,
        "F1990" : 2.3730000000000002,
        "F1995" : 2.681,
        "F2000" : 2.3889999999999998,
        "F2005" : 2.4340000000000002,
        "F2010" : 2.7690000000000001,
        "F2015" : 3.1589999999999998,
        "F2020" : 3.3159999999999998,
        "F12" : null,
        "ObjectID" : 14
      },
      "geometry" : {
        "x" : -92.381399999999999,
        "y" : 44.750900000000001
      }
    },
    {
      "attributes" : {
        "id" : 15,
        "name" : "Portage",
        "latitude" : 44.473599999999998,
        "longitude" : -89.474199999999996,
        "F1990" : 4.4409999999999998,
        "F1995" : 5.1360000000000001,
        "F2000" : 5.0919999999999996,
        "F2005" : 4.5140000000000002,
        "F2010" : 3.6930000000000001,
        "F2015" : 3.5579999999999998,
        "F2020" : 3.8170000000000002,
        "F12" : null,
        "ObjectID" : 15
      },
      "geometry" : {
        "x" : -89.474199999999996,
        "y" : 44.473599999999998
      }
    },
    {
      "attributes" : {
        "id" : 16,
        "name" : "St Croix",
        "latitude" : 45.049799999999998,
        "longitude" : -92.387600000000006,
        "F1990" : 1.5580000000000001,
        "F1995" : 1.9399999999999999,
        "F2000" : 2.0640000000000001,
        "F2005" : 2.077,
        "F2010" : 2.141,
        "F2015" : 2.3220000000000001,
        "F2020" : 2.8300000000000001,
        "F12" : null,
        "ObjectID" : 16
      },
      "geometry" : {
        "x" : -92.387600000000006,
        "y" : 45.049799999999998
      }
    },
    {
      "attributes" : {
        "id" : 17,
        "name" : "Trempealeau",
        "latitude" : 44.239800000000002,
        "longitude" : -91.366200000000006,
        "F1990" : 3.8559999999999999,
        "F1995" : 4.2830000000000004,
        "F2000" : 3.4180000000000001,
        "F2005" : 4.7220000000000004,
        "F2010" : 4.0339999999999998,
        "F2015" : 4.2610000000000001,
        "F2020" : 4.274,
        "F12" : null,
        "ObjectID" : 17
      },
      "geometry" : {
        "x" : -91.366200000000006,
        "y" : 44.239800000000002
      }
    },
    {
      "attributes" : {
        "id" : 18,
        "name" : "Vernon",
        "latitude" : 43.557699999999997,
        "longitude" : -90.829400000000007,
        "F1990" : 2.4380000000000002,
        "F1995" : 3.8650000000000002,
        "F2000" : 3.6240000000000001,
        "F2005" : 4.2569999999999997,
        "F2010" : 3.1589999999999998,
        "F2015" : 4.21,
        "F2020" : 4.6319999999999997,
        "F12" : null,
        "ObjectID" : 18
      },
      "geometry" : {
        "x" : -90.829400000000007,
        "y" : 43.557699999999997
      }
    },
    {
      "attributes" : {
        "id" : 19,
        "name" : "Wood",
        "latitude" : 44.474800000000002,
        "longitude" : -90.074700000000007,
        "F1990" : 3.9359999999999999,
        "F1995" : 5.085,
        "F2000" : 3.9049999999999998,
        "F2005" : 4.3209999999999997,
        "F2010" : 3.2970000000000002,
        "F2015" : 3.3820000000000001,
        "F2020" : 3.2890000000000001,
        "F12" : null,
        "ObjectID" : 19
      },
      "geometry" : {
        "x" : -90.074700000000007,
        "y" : 44.474800000000002
      }
    },
    {
      "attributes" : {
        "id" : null,
        "name" : null,
        "latitude" : null,
        "longitude" : null,
        "F1990" : null,
        "F1995" : null,
        "F2000" : null,
        "F2005" : null,
        "F2010" : null,
        "F2015" : null,
        "F2020" : null,
        "F12" : null,
        "ObjectID" : 20
      },
      "geometry" : {
        "x" : "NaN",
        "y" : "NaN"
      }
    },
    {
      "attributes" : {
        "id" : null,
        "name" : null,
        "latitude" : null,
        "longitude" : null,
        "F1990" : null,
        "F1995" : null,
        "F2000" : null,
        "F2005" : null,
        "F2010" : null,
        "F2015" : null,
        "F2020" : null,
        "F12" : null,
        "ObjectID" : 21
      },
      "geometry" : {
        "x" : "NaN",
        "y" : "NaN"
      }
    },
    {
      "attributes" : {
        "id" : null,
        "name" : null,
        "latitude" : null,
        "longitude" : null,
        "F1990" : null,
        "F1995" : null,
        "F2000" : null,
        "F2005" : null,
        "F2010" : null,
        "F2015" : null,
        "F2020" : null,
        "F12" : null,
        "ObjectID" : 22
      },
      "geometry" : {
        "x" : "NaN",
        "y" : "NaN"
      }
    },
    {
      "attributes" : {
        "id" : null,
        "name" : null,
        "latitude" : null,
        "longitude" : null,
        "F1990" : null,
        "F1995" : null,
        "F2000" : null,
        "F2005" : null,
        "F2010" : null,
        "F2015" : null,
        "F2020" : null,
        "F12" : null,
        "ObjectID" : 23
      },
      "geometry" : {
        "x" : "NaN",
        "y" : "NaN"
      }
    },
    {
      "attributes" : {
        "id" : null,
        "name" : null,
        "latitude" : null,
        "longitude" : null,
        "F1990" : null,
        "F1995" : null,
        "F2000" : null,
        "F2005" : null,
        "F2010" : null,
        "F2015" : null,
        "F2020" : null,
        "F12" : null,
        "ObjectID" : 24
      },
      "geometry" : {
        "x" : "NaN",
        "y" : "NaN"
      }
    },
    {
      "attributes" : {
        "id" : null,
        "name" : null,
        "latitude" : null,
        "longitude" : null,
        "F1990" : null,
        "F1995" : null,
        "F2000" : null,
        "F2005" : null,
        "F2010" : null,
        "F2015" : null,
        "F2020" : null,
        "F12" : null,
        "ObjectID" : 25
      },
      "geometry" : {
        "x" : "NaN",
        "y" : "NaN"
      }
    },
    {
      "attributes" : {
        "id" : null,
        "name" : null,
        "latitude" : null,
        "longitude" : null,
        "F1990" : null,
        "F1995" : null,
        "F2000" : null,
        "F2005" : null,
        "F2010" : null,
        "F2015" : null,
        "F2020" : null,
        "F12" : null,
        "ObjectID" : 26
      },
      "geometry" : {
        "x" : "NaN",
        "y" : "NaN"
      }
    },
    {
      "attributes" : {
        "id" : null,
        "name" : null,
        "latitude" : null,
        "longitude" : null,
        "F1990" : null,
        "F1995" : null,
        "F2000" : null,
        "F2005" : null,
        "F2010" : null,
        "F2015" : null,
        "F2020" : null,
        "F12" : null,
        "ObjectID" : 27
      },
      "geometry" : {
        "x" : "NaN",
        "y" : "NaN"
      }
    }
  ]
}